{
	"folders": {},
	"connections": {
		"postgres-jdbc-193854098f5-2f1ec000226d7a33": {
			"provider": "postgresql",
			"driver": "postgres-jdbc",
			"name": "postgres",
			"save-password": true,
			"configuration": {
				"host": "localhost",
				"port": "5432",
				"database": "postgres",
				"url": "jdbc:postgresql://ep-icy-thunder-a4t6cj2w-pooler.us-east-1.aws.neon.tech/neondb?sslmode\u003drequire",
				"configurationType": "URL",
				"home": "postgresql-x64-17",
				"type": "dev",
				"closeIdleConnection": true,
				"provider-properties": {
					"@dbeaver-show-non-default-db@": "false",
					"@dbeaver-chosen-role@": ""
				},
				"auth-model": "native"
			}
		}
	},
	"connection-types": {
		"dev": {
			"name": "Desenvolvimento",
			"color": "255,255,255",
			"description": "Banco de dados de desenvolvimento",
			"auto-commit": true,
			"confirm-execute": false,
			"confirm-data-change": false,
			"smart-commit": false,
			"smart-commit-recover": true,
			"auto-close-transactions": true,
			"close-transactions-period": 1800,
			"auto-close-connections": true,
			"close-connections-period": 14400
		}
	}
}